date,cases_Guinea,cases_Liberia,cases_Sierra Leone,deaths_Guinea,deaths_Liberia,deaths_Sierra Leone,cases_WestAfrica_total,deaths_WestAfrica_total
2014-08-29,482.0,322.0,935.0,287.0,225.0,380.0,1739.0,892.0
2014-09-05,604.0,614.0,1146.0,362.0,431.0,443.0,2364.0,1236.0
2014-09-08,664.0,634.0,1234.0,400.0,508.0,461.0,2532.0,1369.0
2014-09-12,678.0,654.0,1287.0,403.0,498.0,478.0,2619.0,1379.0
2014-09-16,743.0,790.0,1464.0,429.0,563.0,514.0,2997.0,1506.0
2014-09-18,750.0,812.0,1513.0,435.0,631.0,517.0,3075.0,1583.0
2014-09-22,818.0,863.0,1640.0,465.0,670.0,545.0,3321.0,1680.0
2014-09-24,832.0,890.0,1745.0,468.0,671.0,552.0,3467.0,1691.0
2014-09-26,876.0,914.0,1816.0,481.0,792.0,557.0,3606.0,1830.0
2014-10-01,950.0,927.0,2076.0,535.0,890.0,574.0,3953.0,1999.0
2014-10-03,977.0,931.0,2179.0,562.0,934.0,575.0,4087.0,2071.0
2014-10-08,1044.0,941.0,2455.0,587.0,1018.0,725.0,4440.0,2330.0
2014-10-10,1097.0,943.0,2593.0,598.0,1072.0,753.0,4633.0,2423.0
2014-10-15,1184.0,950.0,2849.0,653.0,1128.3333333333333,926.0,4983.0,2707.333333333333
2014-10-17,1217.0,957.5,2977.0,671.0,1184.6666666666667,932.0,5151.5,2787.666666666667
2014-10-22,1289.0,965.0,3223.0,710.0,1241.0,986.0,5477.0,2937.0
2014-10-25,1312.0,965.0,3389.0,732.0,1241.0,1008.0,5666.0,2981.0
2014-10-29,1391.0,2515.0,3700.0,767.0,1294.8541666666667,969.6666666666666,7606.0,3031.5208333333335
2014-10-31,1409.0,2515.0,3778.0,802.0,1348.7083333333333,931.3333333333334,7702.0,3082.0416666666665
2014-11-05,1457.0,2451.0,4057.0,837.0,1402.5625,893.0,7965.0,3132.5625
2014-11-07,1479.0,2514.0,4149.0,850.0,1456.4166666666667,921.0,8142.0,3227.416666666667
2014-11-12,1612.0,2553.0,4523.0,934.0,1510.2708333333333,960.0,8688.0,3404.270833333333
2014-11-14,1647.0,2562.0,4683.0,958.0,1564.125,978.0,8892.0,3500.125
2014-11-19,1698.0,2643.0,5056.0,982.0,1617.9791666666665,1041.0,9397.0,3640.9791666666665
2014-11-21,1745.0,2669.0,5152.0,998.0,1671.8333333333333,1058.0,9566.0,3727.833333333333
2014-11-26,1850.0,2727.0,5441.0,1050.0,1725.6875,1189.0,10018.0,3964.6875
2014-12-01,1921.0,2801.0,5831.0,1102.0,1779.5416666666665,1321.0,10553.0,4202.541666666666
2014-12-03,1929.0,2801.0,5978.0,1117.0,1833.3958333333333,1374.0,10708.0,4324.395833333333
2014-12-10,2051.0,2830.0,6375.0,1207.0,1887.25,1559.0,11256.0,4653.25
2014-12-15,2115.0,2946.0,6638.0,1255.0,1941.1041666666665,1824.0,11699.0,5020.104166666666
2014-12-17,2127.0,2946.0,6702.0,1262.0,1994.9583333333333,1876.0,11775.0,5132.958333333333
2014-12-22,2259.0,3085.0,6975.0,1323.0,2048.8125,2190.0,12319.0,5561.8125
2014-12-23,2284.0,3085.0,7017.0,1344.0,2102.6666666666665,2216.0,12386.0,5662.666666666666
2014-12-24,2284.0,3085.0,7017.0,1344.0,2156.520833333333,2216.0,12386.0,5716.520833333333
2014-12-26,2342.0,3085.0,7160.0,1385.0,2210.375,2289.0,12587.0,5884.375
2014-12-29,2384.0,3108.0,7326.0,1422.0,2264.2291666666665,2366.0,12818.0,6052.229166666666
2014-12-30,2397.0,3108.0,7354.0,1433.0,2318.083333333333,2392.0,12859.0,6143.083333333333
2014-12-31,2397.0,3110.0,7354.0,1433.0,2371.9375,2392.0,12861.0,6196.9375
2015-01-02,2435.0,3110.0,7476.0,1463.0,2425.7916666666665,2461.0,13021.0,6349.791666666666
2015-01-05,2465.0,3116.0,7570.0,1488.0,2479.645833333333,2549.0,13151.0,6516.645833333333
2015-01-06,2471.0,3118.0,7602.0,1499.0,2533.5,2577.0,13191.0,6609.5
2015-01-07,2471.0,3118.0,7602.0,1499.0,2587.3541666666665,2577.0,13191.0,6663.354166666666
2015-01-08,2477.0,3118.0,7759.0,1504.0,2641.208333333333,2611.0,13354.0,6756.208333333333
2015-01-09,2493.0,3123.0,7759.0,1515.0,2695.0625,2611.0,13375.0,6821.0625
2015-01-12,2508.0,3123.0,7766.0,1523.0,2748.9166666666665,2683.0,13397.0,6954.916666666666
2015-01-13,2508.0,3123.0,7766.0,1523.0,2802.770833333333,2683.0,13397.0,7008.770833333333
2015-01-14,2514.0,3127.0,7786.0,1530.0,2856.625,2696.0,13427.0,7082.625
2015-01-15,2522.0,3127.0,7802.0,1537.0,2910.4791666666665,2701.0,13451.0,7148.479166666666
2015-01-16,2525.0,3127.0,7825.0,1541.0,2964.333333333333,2717.0,13477.0,7222.333333333333
2015-01-19,2539.0,3131.0,7883.0,1556.0,3018.1875,2766.0,13553.0,7340.1875
2015-01-20,2539.0,3135.0,7903.0,1557.0,3072.0416666666665,2779.0,13577.0,7408.041666666666
2015-01-21,2539.0,3135.0,7903.0,1557.0,3125.895833333333,2779.0,13577.0,7461.895833333333
2015-01-22,2542.0,3136.0,7909.0,1560.0,3179.75,2787.0,13587.0,7526.75
2015-01-23,2545.0,3136.0,7921.0,1561.0,3233.6041666666665,2793.0,13602.0,7587.604166666666
2015-01-26,2559.0,3136.0,7963.0,1574.0,3287.458333333333,2829.0,13658.0,7690.458333333333
2015-01-27,2569.0,3138.0,7968.0,1578.0,3341.3125,2833.0,13675.0,7752.3125
2015-01-28,2569.0,3138.0,7968.0,1578.0,3395.1666666666665,2833.0,13675.0,7806.166666666666
2015-01-29,2571.0,3138.0,7977.0,1579.0,3449.020833333333,2841.0,13686.0,7869.020833333333
2015-01-30,2575.0,3138.0,7989.0,1581.0,3502.875,2850.0,13702.0,7933.875
2015-02-02,2593.0,3138.0,8042.0,1595.0,3556.7291666666665,2908.0,13773.0,8059.729166666666
2015-02-03,2608.0,3143.0,8059.0,1597.0,3610.583333333333,2910.0,13810.0,8117.583333333333
2015-02-04,2608.0,3143.0,8059.0,1597.0,3664.4375,2910.0,13810.0,8171.4375
2015-02-05,2621.0,3143.0,8063.0,1600.0,3718.2916666666665,2920.0,13827.0,8238.291666666666
2015-02-06,2628.0,3143.0,8084.0,1608.0,3772.145833333333,2935.0,13855.0,8315.145833333332
2015-02-10,2674.0,3146.0,8135.0,1643.0,3826.0,2975.0,13955.0,8444.0
2015-02-11,2674.0,3146.0,8135.0,1643.0,3826.0,2975.0,13955.0,8444.0
2015-02-12,2685.0,3146.0,8138.0,1651.0,3826.0,2984.0,13969.0,8461.0
2015-02-13,2693.0,3147.0,8155.0,1659.0,3858.0,2997.0,13995.0,8514.0
2015-02-16,2720.0,3149.0,8199.0,1678.0,3813.6666666666665,3035.0,14068.0,8526.666666666666
2015-02-17,2727.0,3149.0,8212.0,1683.0,3769.3333333333335,3042.0,14088.0,8494.333333333334
2015-02-18,2727.0,3149.0,8212.0,1683.0,3725.0,3042.0,14088.0,8450.0
2015-02-19,2732.0,3152.0,8223.0,1686.0,3680.6666666666665,3057.0,14107.0,8423.666666666666
2015-02-20,2734.0,3152.0,8223.0,1688.0,3636.3333333333335,3057.0,14109.0,8381.333333333334
2015-02-23,2758.0,3153.0,8223.0,1699.0,3592.0,3057.0,14134.0,8348.0
2015-02-25,2762.0,3153.0,8289.0,1704.0,3547.6666666666665,3095.0,14204.0,8346.666666666666
2015-02-26,2781.0,3153.0,8308.0,1714.0,3503.3333333333335,3113.0,14242.0,8330.333333333334
2015-02-27,2790.0,3153.0,8320.0,1721.0,3459.0,3124.0,14263.0,8304.0
2015-03-02,2808.0,3153.0,8353.0,1735.0,3414.6666666666665,3164.0,14314.0,8313.666666666666
2015-03-04,2808.0,3153.0,8353.0,1735.0,3370.3333333333335,3164.0,14314.0,8269.333333333334
2015-03-05,2833.0,3150.0,8383.0,1749.0,3326.0,3199.0,14366.0,8274.0
2015-03-06,2840.0,3150.0,8389.0,1755.0,3281.6666666666665,3210.0,14379.0,8246.666666666666
2015-03-10,2871.0,3150.0,8428.0,1778.0,3237.333333333333,3263.0,14449.0,8278.333333333332
2015-03-11,2871.0,3150.0,8428.0,1778.0,3193.0,3263.0,14449.0,8234.0
2015-03-12,2901.0,3150.0,8463.0,1792.0,3148.6666666666665,3289.0,14514.0,8229.666666666666
2015-03-13,2911.0,3150.0,8469.0,1797.0,3104.333333333333,3297.0,14530.0,8198.333333333332
2015-03-16,2957.0,3150.0,8484.0,1821.0,3060.0,3321.0,14591.0,8202.0
2015-03-17,2966.0,3150.0,8487.0,1829.0,3015.6666666666665,3325.0,14603.0,8169.666666666666
2015-03-18,2966.0,3150.0,8487.0,1829.0,2971.333333333333,3325.0,14603.0,8125.333333333333
2015-03-20,2988.0,3150.0,8508.0,1846.0,2927.0,3346.0,14646.0,8119.0
2015-03-23,3007.0,3151.0,8518.0,1863.0,2882.6666666666665,3376.0,14676.0,8121.666666666666
2015-03-24,3011.0,3151.0,8520.0,1865.0,2838.333333333333,3381.0,14682.0,8084.333333333333
2015-03-25,3011.0,3151.0,8520.0,1865.0,2794.0,3381.0,14682.0,8040.0
2015-03-26,3032.0,3151.0,8529.0,1875.0,2749.6666666666665,3398.0,14712.0,8022.666666666666
2015-03-27,3042.0,3151.0,8532.0,1878.0,2705.333333333333,3407.0,14725.0,7990.333333333333
2015-04-07,3089.0,3151.0,8555.0,1919.0,2661.0,3466.0,14795.0,8046.0
2015-04-09,3093.0,3151.0,8558.0,1921.0,2616.6666666666665,3475.0,14802.0,8012.666666666666
2015-04-13,3112.0,3151.0,8560.0,1928.0,2572.333333333333,3488.0,14823.0,7988.333333333333
2015-04-14,3117.0,3151.0,8563.0,1932.0,2528.0,3491.0,14831.0,7951.0
2015-04-15,3117.0,3151.0,8563.0,1932.0,2483.6666666666665,3491.0,14831.0,7906.666666666666
2015-04-16,3124.0,3151.0,8566.0,1934.0,2439.333333333333,3499.0,14841.0,7872.333333333333
2015-04-17,3126.0,3151.0,8569.0,1937.0,2395.0,3499.0,14846.0,7831.0
2015-04-20,3133.0,3151.0,8572.0,1942.0,2350.6666666666665,3506.0,14856.0,7798.666666666666
2015-04-21,3136.0,3151.0,8573.0,1943.0,2306.333333333333,3511.0,14860.0,7760.333333333333
2015-04-22,3136.0,3151.0,8575.0,1943.0,2262.0,3511.0,14862.0,7716.0
2015-04-23,3144.0,3151.0,8581.0,1947.0,2217.6666666666665,3519.0,14876.0,7683.666666666666
2015-04-24,3145.0,3151.0,8584.0,1950.0,2173.333333333333,3520.0,14880.0,7643.333333333333
2015-04-27,3154.0,3151.0,8585.0,1959.0,2129.0,3529.0,14890.0,7617.0
2015-04-28,3158.0,3151.0,8586.0,1962.0,2084.6666666666665,3533.0,14895.0,7579.666666666666
2015-04-30,3159.0,3151.0,8588.0,1966.0,2040.3333333333333,3535.0,14898.0,7541.333333333333
2015-05-01,3161.0,3151.0,8590.0,1968.0,1996.0,3535.0,14902.0,7499.0
2015-05-04,3163.0,3151.0,8592.0,1970.0,1951.6666666666665,3536.0,14906.0,7457.666666666666
2015-05-05,3167.0,3151.0,8595.0,1971.0,1907.3333333333333,3537.0,14913.0,7415.333333333333
2015-05-06,3167.0,3151.0,8595.0,1971.0,1863.0,3537.0,14913.0,7371.0
2015-05-07,3170.0,3151.0,8597.0,1972.0,1818.6666666666665,3538.0,14918.0,7328.666666666666
2015-05-08,3170.0,3151.0,8597.0,1972.0,1774.333333333333,3538.0,14918.0,7284.333333333333
2015-05-11,3173.0,3151.0,8597.0,1976.0,1730.0,3538.0,14921.0,7244.0
2015-05-12,3174.0,3151.0,8597.0,1977.0,1685.6666666666665,3538.0,14922.0,7200.666666666666
2015-05-13,3173.0,3151.0,8597.0,1976.0,1641.333333333333,3538.0,14921.0,7155.333333333333
2015-05-14,3187.0,3151.0,8597.0,1980.0,1597.0,3538.0,14935.0,7115.0
2015-05-15,3189.0,3151.0,8598.0,1982.0,1552.6666666666665,3538.0,14938.0,7072.666666666666
2015-05-18,3195.0,3151.0,8603.0,1986.0,1508.333333333333,3540.0,14949.0,7034.333333333333
2015-05-19,3201.0,3151.0,8605.0,1988.0,1464.0,3541.0,14957.0,6993.0
2015-05-20,3201.0,3151.0,8605.0,1988.0,1419.6666666666665,3541.0,14957.0,6948.666666666666
2015-05-21,3204.0,3151.0,8607.0,1990.0,1375.333333333333,3541.0,14962.0,6906.333333333333
2015-05-22,3205.0,3151.0,8608.0,1993.0,1331.0,3541.0,14964.0,6865.0
2015-05-25,3208.0,3151.0,8608.0,1999.0,1286.6666666666665,3542.0,14967.0,6827.666666666666
2015-05-26,3210.0,3151.0,8608.0,2001.0,1242.333333333333,3542.0,14969.0,6785.333333333333
2015-05-27,3210.0,3151.0,8608.0,2001.0,1198.0,3542.0,14969.0,6741.0
2015-05-28,3214.0,3151.0,8611.0,2004.0,1153.6666666666665,3545.0,14976.0,6702.666666666666
2015-05-29,3216.0,3151.0,8614.0,2006.0,1109.333333333333,3545.0,14981.0,6660.333333333333
2015-06-01,3220.0,3151.0,8618.0,2009.0,1065.0,3545.0,14989.0,6619.0
2015-06-02,3223.0,3151.0,8620.0,2010.0,1020.6666666666665,3546.0,14994.0,6576.666666666666
2015-06-03,3223.0,3151.0,8620.0,2010.0,976.333333333333,3546.0,14994.0,6532.333333333333
2015-06-04,3227.0,3151.0,8623.0,2012.0,932.0,3546.0,15001.0,6490.0
2015-06-05,3228.0,3151.0,8624.0,2012.0,887.6666666666665,3546.0,15003.0,6445.666666666666
2015-06-08,3237.0,3151.0,8630.0,2016.0,843.333333333333,3547.0,15018.0,6406.333333333333
2015-06-09,3239.0,3151.0,8635.0,2018.0,799.0,3549.0,15025.0,6366.0
2015-06-10,3239.0,3151.0,8635.0,2018.0,754.6666666666665,3549.0,15025.0,6321.666666666666
2015-06-11,3243.0,3151.0,8638.0,2021.0,710.333333333333,3551.0,15032.0,6282.333333333333
2015-06-12,3243.0,3151.0,8647.0,2021.0,666.0,3551.0,15041.0,6238.0
2015-06-15,3249.0,3151.0,8649.0,2024.0,621.6666666666665,3553.0,15049.0,6198.666666666666
2015-06-16,3249.0,3151.0,8649.0,2025.0,577.333333333333,3553.0,15049.0,6155.333333333333
2015-06-17,3245.0,3151.0,8649.0,2025.0,533.0,3553.0,15045.0,6111.0
2015-06-18,3246.0,3151.0,8651.0,2026.0,488.6666666666665,3556.0,15048.0,6070.666666666666
2015-06-19,3247.0,3151.0,8654.0,2027.0,444.33333333333303,3560.0,15052.0,6031.333333333333
2015-06-22,3254.0,3151.0,8657.0,2028.0,400.0,3562.0,15062.0,5990.0
2015-06-23,3257.0,3151.0,8657.0,2030.0,355.6666666666665,3562.0,15065.0,5947.666666666666
2015-06-24,3257.0,3151.0,8657.0,2030.0,311.33333333333303,3562.0,15065.0,5903.333333333333
2015-06-25,3264.0,3151.0,8660.0,2037.0,267.0,3565.0,15075.0,5869.0
2015-06-26,3266.0,3151.0,8662.0,2037.0,222.66666666666652,3565.0,15079.0,5824.666666666666
2015-06-29,3268.0,3151.0,8664.0,2039.0,178.33333333333303,3566.0,15083.0,5783.333333333333
2015-06-30,3269.0,3151.0,8665.0,2039.0,134.0,3566.0,15085.0,5739.0
2015-07-01,3269.0,3151.0,8665.0,2039.0,89.66666666666652,3566.0,15085.0,5694.666666666666
2015-07-02,3277.0,3151.0,8668.0,2040.0,45.33333333333303,3567.0,15096.0,5652.333333333333
2015-07-03,3279.0,1577.0,8671.0,2042.0,1.0,3569.0,13527.0,5612.0
2015-07-06,3287.0,1577.0,8673.0,2048.0,1.0,3574.0,13537.0,5623.0
2015-07-07,3287.0,1577.0,8674.0,2049.0,1.0,3574.0,13538.0,5624.0
2015-07-08,3287.0,1577.0,8674.0,2049.0,1.0,3574.0,13538.0,5624.0
2015-07-09,3290.0,1578.0,8675.0,2055.0,1.0,3575.0,13543.0,5631.0
2015-07-10,3293.0,1578.0,8676.0,2055.0,1.0,3575.0,13547.0,5631.0
2015-07-13,3299.0,1578.0,8687.0,2056.0,1.0,3580.0,13564.0,5637.0
2015-07-14,3300.0,1578.5,8688.0,2056.0,2.0,3581.0,13566.5,5639.0
2015-07-15,3300.0,1578.5,8688.0,2056.0,2.0,3581.0,13566.5,5639.0
2015-07-16,3304.0,1578.5,8688.0,2056.0,2.0,3581.0,13570.5,5639.0
2015-07-17,3310.0,1578.5,8688.0,2059.0,2.0,3581.0,13576.5,5642.0
2015-07-20,3322.0,1578.5,8692.0,2061.0,2.0,3583.0,13592.5,5646.0
2015-07-21,3322.0,1578.5,8692.0,2062.0,2.0,3583.0,13592.5,5647.0
2015-07-22,3322.0,1578.5,8692.0,2062.0,2.0,3583.0,13592.5,5647.0
2015-07-23,3325.0,1578.5,8693.0,2066.0,2.0,3583.0,13596.5,5651.0
2015-07-24,3325.0,1578.5,8693.0,2066.0,2.0,3583.0,13596.5,5651.0
2015-07-27,3325.0,1578.5,8694.0,2068.0,2.0,3585.0,13597.5,5655.0
2015-07-28,3326.0,1578.5,8694.0,2069.0,2.0,3585.0,13598.5,5656.0
2015-07-29,3326.0,1578.5,8694.0,2069.0,2.0,3585.0,13598.5,5656.0
2015-07-30,3326.0,1578.5,8694.0,2069.0,2.0,3585.0,13598.5,5656.0
2015-07-31,3326.0,1578.5,8694.0,2069.0,2.0,3585.0,13598.5,5656.0
2015-08-03,3327.0,1578.5,8695.0,2070.0,2.0,3585.0,13600.5,5657.0
2015-08-04,3327.0,1578.5,8695.0,2070.0,2.0,3585.0,13600.5,5657.0
2015-08-05,3327.0,1578.5,8695.0,2070.0,2.0,3585.0,13600.5,5657.0
2015-08-06,3329.0,1578.5,8696.0,2072.0,2.0,3585.0,13603.5,5659.0
2015-08-07,3329.0,1578.5,8696.0,2072.0,2.0,3585.0,13603.5,5659.0
2015-08-10,3329.0,1578.5,8697.0,2072.0,2.0,3585.0,13604.5,5659.0
2015-08-11,3329.0,1578.5,8697.0,2072.0,2.0,3585.0,13604.5,5659.0
2015-08-12,3329.0,1578.5,8697.0,2072.0,2.0,3585.0,13604.5,5659.0
2015-08-13,3330.0,1578.5,8697.0,2072.0,2.0,3585.0,13605.5,5659.0
2015-08-14,3330.0,1578.5,8697.0,2072.0,2.0,3586.0,13605.5,5660.0
2015-08-17,3332.0,1578.5,8697.0,2072.0,2.0,3586.0,13607.5,5660.0
2015-08-18,3332.0,1578.5,8697.0,2072.0,2.0,3586.0,13607.5,5660.0
2015-08-19,3332.0,1578.5,8697.0,2072.0,2.0,3586.0,13607.5,5660.0
2015-08-20,3334.0,1578.5,8697.0,2074.0,2.0,3586.0,13609.5,5662.0
2015-08-21,3334.0,1578.5,8697.0,2074.0,2.0,3586.0,13609.5,5662.0
2015-08-24,3334.0,1578.5,8697.0,2075.0,2.0,3586.0,13609.5,5663.0
2015-08-25,3335.0,1578.5,8697.0,2075.0,2.0,3586.0,13610.5,5663.0
2015-08-26,3335.0,1578.5,8697.0,2075.0,2.0,3586.0,13610.5,5663.0
2015-08-27,3336.0,1578.5,8697.0,2076.0,2.0,3586.0,13611.5,5664.0
2015-08-28,3336.0,1578.5,8697.0,2076.0,2.0,3586.0,13611.5,5664.0
2015-08-31,3337.0,1578.5,8698.0,2076.0,2.0,3587.0,13613.5,5665.0
2015-09-01,3337.0,1578.5,8698.0,2077.0,2.0,3587.0,13613.5,5666.0
2015-09-02,3337.0,1578.5,8698.0,2077.0,2.0,3587.0,13613.5,5666.0
2015-09-03,3338.0,1578.5,8698.0,2077.0,2.0,3587.0,13614.5,5666.0
2015-09-04,3338.0,1578.5,8698.0,2077.0,2.0,3587.0,13614.5,5666.0
2015-09-07,3338.0,1578.5,8699.0,2078.0,2.0,3587.0,13615.5,5667.0
2015-09-08,3338.0,1578.5,8699.0,2078.0,2.0,3587.0,13615.5,5667.0
2015-09-09,3338.0,1578.5,8699.0,2078.0,2.0,3587.0,13615.5,5667.0
2015-09-10,3338.0,1578.5,8702.0,2078.0,2.0,3587.0,13618.5,5667.0
2015-09-11,3338.0,1578.5,8703.0,2078.0,2.0,3587.0,13619.5,5667.0
2015-09-14,3338.0,1578.5,8703.0,2078.0,2.0,3587.0,13619.5,5667.0
2015-09-15,3338.0,1578.5,8704.0,2078.0,2.0,3587.0,13620.5,5667.0
2015-09-16,3338.0,1578.5,8704.0,2078.0,2.0,3587.0,13620.5,5667.0
2015-09-17,3338.0,1578.5,8704.0,2078.0,2.0,3589.0,13620.5,5669.0
2015-09-18,3339.0,1578.5,8704.0,2079.0,2.0,3589.0,13621.5,5670.0
2015-09-21,3340.0,1578.5,8704.0,2079.0,2.0,3589.0,13622.5,5670.0
2015-09-22,3340.0,1578.5,8704.0,2079.0,2.0,3589.0,13622.5,5670.0
2015-09-23,3340.0,1578.5,8704.0,2079.0,2.0,3589.0,13622.5,5670.0
2015-09-24,3340.0,1578.5,8704.0,2080.0,2.0,3589.0,13622.5,5671.0
2015-09-25,3340.0,1578.5,8704.0,2080.0,2.0,3589.0,13622.5,5671.0
2015-09-28,3342.0,1578.5,8704.0,2080.0,2.0,3589.0,13624.5,5671.0
2015-09-29,3344.0,1578.5,8704.0,2080.0,2.0,3589.0,13626.5,5671.0
2015-09-30,3344.0,1578.5,8704.0,2080.0,2.0,3589.0,13626.5,5671.0
2015-10-01,3344.0,1578.5,8704.0,2080.0,2.0,3589.0,13626.5,5671.0
2015-10-02,3344.0,1578.5,8704.0,2080.0,2.0,3589.0,13626.5,5671.0
2015-10-05,3344.0,1578.5,8704.0,2081.0,2.0,3589.0,13626.5,5672.0
2015-10-06,3344.0,1578.5,8704.0,2081.0,2.0,3589.0,13626.5,5672.0
2015-10-07,3344.0,1578.5,8704.0,2081.0,2.0,3589.0,13626.5,5672.0
2015-10-08,3344.0,1578.5,8704.0,2081.0,2.0,3589.0,13626.5,5672.0
2015-10-09,3344.0,1578.5,8704.0,2081.0,2.0,3589.0,13626.5,5672.0
2015-10-13,3344.0,1578.5,8704.0,2081.0,2.0,3589.0,13626.5,5672.0
2015-10-15,3345.0,1578.5,8704.0,2081.0,2.0,3589.0,13627.5,5672.0
2015-10-16,3346.0,1578.5,8704.0,2082.0,2.0,3589.0,13628.5,5673.0
2015-10-20,3347.0,1578.5,8704.0,2082.0,2.0,3589.0,13629.5,5673.0
2015-10-22,3347.0,1578.5,8704.0,2082.0,2.0,3589.0,13629.5,5673.0
2015-10-23,3347.0,1578.5,8704.0,2082.0,2.0,3589.0,13629.5,5673.0
2015-10-26,3350.0,1578.5,8704.0,2082.0,2.0,3589.0,13632.5,5673.0
2015-10-27,3350.0,1578.5,8704.0,2082.0,2.0,3589.0,13632.5,5673.0
2015-10-29,3350.0,1578.5,8704.0,2083.0,2.0,3589.0,13632.5,5674.0
2015-10-30,3350.0,1578.5,8704.0,2083.0,2.0,3589.0,13632.5,5674.0
2015-11-03,3351.0,1578.5,8704.0,2083.0,2.0,3589.0,13633.5,5674.0
2015-11-05,3351.0,1578.5,8704.0,2083.0,2.0,3589.0,13633.5,5674.0
2015-11-06,3351.0,1578.5,8704.0,2083.0,2.0,3589.0,13633.5,5674.0
2015-11-10,3351.0,1578.5,8704.0,2083.0,2.0,3589.0,13633.5,5674.0
2015-11-11,3351.0,1578.5,8704.0,2083.0,2.0,3589.0,13633.5,5674.0
2015-11-12,3351.0,1578.5,8704.0,2083.0,2.0,3589.0,13633.5,5674.0
2015-11-16,3351.0,1578.5,8704.0,2083.0,2.0,3589.0,13633.5,5674.0
2015-11-17,3351.0,1578.5,8704.0,2083.0,2.0,3589.0,13633.5,5674.0
2015-11-20,3351.0,1578.5,8704.0,2083.0,2.0,3589.0,13633.5,5674.0
2015-11-24,3351.0,1578.5,8704.0,2083.0,2.0,3589.0,13633.5,5674.0
2015-11-26,3351.0,1580.0,8704.0,2083.0,2.0,3589.0,13635.0,5674.0
2015-12-01,3351.0,1580.0,8704.0,2083.0,2.0,3589.0,13635.0,5674.0
2015-12-02,3351.0,1580.0,8704.0,2083.0,3.0,3589.0,13635.0,5675.0
2015-12-03,3351.0,1580.0,8704.0,2083.0,3.0,3589.0,13635.0,5675.0
2015-12-09,3351.0,1580.0,8704.0,2083.0,3.0,3589.0,13635.0,5675.0
2015-12-10,3351.0,1580.0,8704.0,2083.0,3.0,3589.0,13635.0,5675.0
2015-12-11,3351.0,1580.0,8704.0,2083.0,3.0,3589.0,13635.0,5675.0
2015-12-15,3351.0,1580.0,8704.0,2083.0,3.0,3589.0,13635.0,5675.0
2015-12-16,3351.0,1580.0,8704.0,2083.0,3.0,3589.0,13635.0,5675.0
2015-12-17,3351.0,1580.0,8704.0,2083.0,3.0,3589.0,13635.0,5675.0
2015-12-22,3351.0,1580.0,8704.0,2083.0,3.0,3589.0,13635.0,5675.0
2015-12-23,3351.0,1580.0,8704.0,2083.0,3.0,3589.0,13635.0,5675.0
2015-12-29,3351.0,1580.0,8704.0,2083.0,3.0,3589.0,13635.0,5675.0
2016-03-23,3351.0,1054.0,8704.0,2083.0,2.0,3589.0,13109.0,5674.0
